{
  "total_reviews": 1000,
  "total_cost": 0.5780530500000003,
  "cost_reduction_percentage": 61.463129999999985,
  "model_distribution": {
    "anthropic/claude-3-haiku": 523,
    "openai/gpt-3.5-turbo": 200,
    "openai/gpt-4o-mini": 277
  },
  "processing_speed": 3.173,
  "metadata": {
    "timestamp": "2025-08-16T18:23:45.571806",
    "total_reviews": 1000,
    "processing_time": 315.1730411052704
  },
  "summary": {
    "total_reviews": 1000,
    "total_time": 315.1730411052704,
    "total_cost": 0.5780530500000003,
    "avg_cost_per_review": 0.0005780530500000003,
    "api_calls": 1000,
    "semantic_cache_hit_rate": 0.0,
    "kv_cache_hit_rate": 99.7,
    "model_distribution": {
      "anthropic/claude-3-haiku": 523,
      "openai/gpt-3.5-turbo": 200,
      "openai/gpt-4o-mini": 277
    },
    "category_breakdown": {
      "Electronics": {
        "count": 334,
        "cost": 0.20069524999999985,
        "semantic_hits": 0
      },
      "Books": {
        "count": 334,
        "cost": 0.18653564999999986,
        "semantic_hits": 0
      },
      "Home_and_Garden": {
        "count": 332,
        "cost": 0.19082215000000002,
        "semantic_hits": 0
      }
    },
    "baseline_cost": 1.5000000000000002,
    "savings_amount": 0.9219469499999999,
    "savings_percentage": 61.463129999999985,
    "budget_used": 11.561061000000006
  },
  "linkedin_summary": "\ud83d\udcb0 WEEK 1 AUTHENTIC COST BREAKDOWN:\n\n\ud83d\udcca **API Usage Metrics:**\n\u2022 Total Reviews Processed: 1,000\n\u2022 Real API Calls Made: 1,000\n\u2022 Total Tokens Used: 2,113,916\n\u2022 Cache Hit Rate: 0.0%\n\n\ud83c\udff7\ufe0f **Actual Cost Analysis:**\n\u2022 Total Spent: $0.578053\n\u2022 Cost per Review: $0.00057805\n\u2022 Baseline (GPT-4 for all): $1.500000\n\u2022 **SAVINGS: 61.5% ($0.921947)**\n\n\ud83e\udd16 **Model Distribution:**\n\u2022 claude-3-haiku: 52.3% (523 calls, $0.286187)\n\u2022 gpt-3.5-turbo: 20.0% (200 calls, $0.209166)\n\u2022 gpt-4o-mini: 27.7% (277 calls, $0.082699)\n\n\ud83d\udcc2 **Category Performance:**\n\u2022 Electronics: 334 reviews, 0.0% cached, $0.200695\n\u2022 Books: 334 reviews, 0.0% cached, $0.186536\n\u2022 Home_and_Garden: 332 reviews, 0.0% cached, $0.190822\n\n\u2705 **Transparency Note:** These are real OpenRouter API costs from actual model calls, not simulated data.",
  "detailed_results": [
    {
      "review_id": "amazon_polarity_Electronics_0000",
      "category": "Electronics",
      "sentiment": "Positive",
      "model_used": "anthropic/claude-3-haiku",
      "cost": 9.9e-05,
      "processing_time": 1.734184980392456,
      "semantic_cache_hit": false,
      "kv_cache_hit": true,
      "tokens_used": 396,
      "response_preview": "Sentiment: Positive\nQuality Assessment: The review expresses a very positive sentiment towards the p",
      "complexity_score": 0.372,
      "routing_tier": "lightweight",
      "routing_reasoning": "Electronics review: Complex sentiment analysis (0.80)",
      "fallback_models_available": [
        "anthropic/claude-3-haiku",
        "openai/gpt-3.5-turbo",
        "openai/gpt-4o-mini"
      ],
      "primary_model_attempted": "anthropic/claude-3-haiku"
    },
    {
      "review_id": "amazon_polarity_Electronics_0001",
      "category": "Electronics",
      "sentiment": "Positive",
      "model_used": "anthropic/claude-3-haiku",
      "cost": 0.00010275,
      "processing_time": 1.3215820789337158,
      "semantic_cache_hit": false,
      "kv_cache_hit": false,
      "tokens_used": 411,
      "response_preview": "Sentiment Analysis: Positive\nThe review expresses an overall positive sentiment towards the product,",
      "complexity_score": 0.372,
      "routing_tier": "lightweight",
      "routing_reasoning": "Electronics review: Complex sentiment analysis (0.80)",
      "fallback_models_available": [
        "anthropic/claude-3-haiku",
        "openai/gpt-3.5-turbo",
        "openai/gpt-4o-mini"
      ],
      "primary_model_attempted": "anthropic/claude-3-haiku"
    },
    {
      "review_id": "amazon_polarity_Electronics_0002",
      "category": "Electronics",
      "sentiment": "Positive",
      "model_used": "anthropic/claude-3-haiku",
      "cost": 0.0001205,
      "processing_time": 1.4082531929016113,
      "semantic_cache_hit": false,
      "kv_cache_hit": true,
      "tokens_used": 482,
      "response_preview": "Sentiment: Positive\nThis review expresses a very positive sentiment towards the Chrono Cross soundtr",
      "complexity_score": 0.29934374999999996,
      "routing_tier": "lightweight",
      "routing_reasoning": "Electronics review: Long-form content (0.70)",
      "fallback_models_available": [
        "anthropic/claude-3-haiku",
        "openai/gpt-3.5-turbo",
        "openai/gpt-4o-mini"
      ],
      "primary_model_attempted": "anthropic/claude-3-haiku"
    },
    {
      "review_id": "amazon_polarity_Electronics_0003",
      "category": "Electronics",
      "sentiment": "Positive",
      "model_used": "openai/gpt-3.5-turbo",
      "cost": 0.000223,
      "processing_time": 1.5084941387176514,
      "semantic_cache_hit": false,
      "kv_cache_hit": true,
      "tokens_used": 446,
      "response_preview": "Sentiment: Positive\n\nQuality Assessment:\n1. The reviewer expresses genuine enjoyment of the soundtra",
      "complexity_score": 0.42217241379310344,
      "routing_tier": "medium",
      "routing_reasoning": "Electronics review: Complex sentiment analysis (0.80)",
      "fallback_models_available": [
        "openai/gpt-3.5-turbo",
        "anthropic/claude-3-haiku",
        "openai/gpt-4o-mini"
      ],
      "primary_model_attempted": "openai/gpt-3.5-turbo"
    },
    {
      "review_id": "amazon_polarity_Electronics_0004",
      "category": "Electronics",
      "sentiment": "Positive",
      "model_used": "anthropic/claude-3-haiku",
      "cost": 0.0001045,
      "processing_time": 1.4264440536499023,
      "semantic_cache_hit": false,
      "kv_cache_hit": true,
      "tokens_used": 418,
      "response_preview": "Sentiment: Positive\n\nQuality Assessment:\nThis review focuses primarily on the music and soundtrack o",
      "complexity_score": 0.372,
      "routing_tier": "lightweight",
      "routing_reasoning": "Electronics review: Complex sentiment analysis (0.80)",
      "fallback_models_available": [
        "anthropic/claude-3-haiku",
        "openai/gpt-3.5-turbo",
        "openai/gpt-4o-mini"
      ],
      "primary_model_attempted": "anthropic/claude-3-haiku"
    },
    {
      "review_id": "amazon_polarity_Electronics_0005",
      "category": "Electronics",
      "sentiment": "Positive",
      "model_used": "openai/gpt-3.5-turbo",
      "cost": 0.00035,
      "processing_time": 0.9006149768829346,
      "semantic_cache_hit": false,
      "kv_cache_hit": true,
      "tokens_used": 700,
      "response_preview": "Sentiment Analysis: Positive\nThe review expresses a highly positive sentiment towards the product, d",
      "complexity_score": 0.447,
      "routing_tier": "medium",
      "routing_reasoning": "Electronics review: Complex sentiment analysis (0.80), Long-form content (0.70)",
      "fallback_models_available": [
        "openai/gpt-3.5-turbo",
        "anthropic/claude-3-haiku",
        "openai/gpt-4o-mini"
      ],
      "primary_model_attempted": "openai/gpt-3.5-turbo"
    },
    {
      "review_id": "amazon_polarity_Electronics_0006",
      "category": "Electronics",
      "sentiment": "Positive",
      "model_used": "anthropic/claude-3-haiku",
      "cost": 0.0002735,
      "processing_time": 1.1965680122375488,
      "semantic_cache_hit": false,
      "kv_cache_hit": true,
      "tokens_used": 1094,
      "response_preview": "Sentiment: Negative\nThis review expresses a strongly negative sentiment towards the book. The review",
      "complexity_score": 0.252,
      "routing_tier": "lightweight",
      "routing_reasoning": "Electronics review: Simple analysis suitable for lightweight model",